Covariate types,Covariate,Model component,Modeling Region,Coefficient estimate,Standard deviation,2.5%,97.5%
Accessibility,Distance to road,NMod,Central & Southern Tablelands,0.014,0.01,-0.006,0.034
Accessibility,Distance to road,NMod,Central & Southern Tablelands,0.016,0.019,-0.02,0.052
Accessibility,Distance to road,NMod,Central & Southern Tablelands,-0.021,0.011,-0.042,-0
Accessibility,Distance to road,NMod,Darling Riverine Plains,0.024,0.021,-0.016,0.065
Accessibility,Distance to road,NMod,Far West,-0.024,0.01,-0.044,-0.004
Accessibility,Distance to road,NMod,Far West,-0.106,0.085,-0.272,0.062
Accessibility,Distance to road,NMod,Far West,-0.036,0.059,-0.151,0.079
Accessibility,Distance to road,NMod,North Coast,-0.003,0.013,-0.028,0.021
Accessibility,Distance to road,NMod,North Coast,-0.046,0.013,-0.071,-0.02
Accessibility,Distance to road,NMod,Northern Tablelands,0.149,0.027,0.096,0.203
Accessibility,Distance to road,NMod,Northern Tablelands,-0.022,0.016,-0.053,0.01
Accessibility,Distance to road,NMod,Northwest Slopes,-0.002,0.01,-0.022,0.019
Accessibility,Distance to road,NMod,Northwest Slopes,-0.038,0.049,-0.135,0.058
Accessibility,Distance to road,NMod,Northwest Slopes,-0.055,0.017,-0.088,-0.021
Accessibility,Distance to road,NMod,Riverina,0.128,0.032,0.066,0.19
Accessibility,Distance to road,NMod,Riverina,0.113,0.16,-0.201,0.427
Accessibility,Distance to road,NMod,Riverina,0.03,0.046,-0.06,0.12
Accessibility,Distance to road,NMod,South Coast,-0.089,0.023,-0.135,-0.043
Accessibility,Distance to road,PMod,Central & Southern Tablelands,0.025,0.012,0,0.049
Accessibility,Distance to road,PMod,Central & Southern Tablelands,-0.035,0.018,-0.071,0.001
Accessibility,Distance to road,PMod,Central & Southern Tablelands,0.034,0.011,0.012,0.055
Accessibility,Distance to road,PMod,Darling Riverine Plains,0.128,0.021,0.086,0.169
Accessibility,Distance to road,PMod,Far West,0.063,0.013,0.037,0.089
Accessibility,Distance to road,PMod,Far West,0.045,0.074,-0.099,0.19
Accessibility,Distance to road,PMod,Far West,0.328,0.069,0.193,0.463
Accessibility,Distance to road,PMod,North Coast,-0.036,0.014,-0.063,-0.009
Accessibility,Distance to road,PMod,North Coast,-0.111,0.013,-0.137,-0.086
Accessibility,Distance to road,PMod,Northern Tablelands,0.097,0.029,0.041,0.154
Accessibility,Distance to road,PMod,Northern Tablelands,-0.031,0.018,-0.067,0.005
Accessibility,Distance to road,PMod,Northwest Slopes,0.071,0.012,0.047,0.095
Accessibility,Distance to road,PMod,Northwest Slopes,0.228,0.053,0.123,0.332
Accessibility,Distance to road,PMod,Northwest Slopes,0.055,0.019,0.019,0.091
Accessibility,Distance to road,PMod,Riverina,0.106,0.028,0.051,0.161
Accessibility,Distance to road,PMod,Riverina,-0.461,0.12,-0.696,-0.226
Accessibility,Distance to road,PMod,Riverina,0.088,0.045,0,0.176
Accessibility,Distance to road,PMod,South Coast,0.149,0.03,0.091,0.207
Accessibility,Distance to urban center,NMod,Central & Southern Tablelands,0.022,0.017,-0.011,0.055
Accessibility,Distance to urban center,NMod,Central & Southern Tablelands,0.052,0.037,-0.021,0.123
Accessibility,Distance to urban center,NMod,Central & Southern Tablelands,-0.002,0.024,-0.048,0.044
Accessibility,Distance to urban center,NMod,Central Coast,-0.007,0.008,-0.023,0.008
Accessibility,Distance to urban center,NMod,Darling Riverine Plains,-0.108,0.036,-0.179,-0.037
Accessibility,Distance to urban center,NMod,Darling Riverine Plains,0.424,0.239,-0.048,0.892
Accessibility,Distance to urban center,NMod,Far West,-0.07,0.025,-0.119,-0.021
Accessibility,Distance to urban center,NMod,North Coast,0,0.016,-0.031,0.031
Accessibility,Distance to urban center,NMod,North Coast,0.048,0.023,0.002,0.094
Accessibility,Distance to urban center,NMod,North Coast,-0.112,0.028,-0.166,-0.057
Accessibility,Distance to urban center,NMod,Northern Tablelands,0.074,0.024,0.028,0.121
Accessibility,Distance to urban center,NMod,Northern Tablelands,-0.15,0.064,-0.275,-0.025
Accessibility,Distance to urban center,NMod,Northern Tablelands,-0.027,0.038,-0.102,0.048
Accessibility,Distance to urban center,NMod,Northwest Slopes,-0.003,0.019,-0.04,0.034
Accessibility,Distance to urban center,NMod,Northwest Slopes,0.043,0.071,-0.096,0.182
Accessibility,Distance to urban center,NMod,Riverina,-0.06,0.209,-0.468,0.355
Accessibility,Distance to urban center,NMod,Riverina,-0.182,0.096,-0.371,0.005
Accessibility,Distance to urban center,NMod,South Coast,0.06,0.023,0.015,0.105
Accessibility,Distance to urban center,NMod,South Coast,0.031,0.048,-0.064,0.125
Accessibility,Distance to urban center,NMod,South Coast,-0.097,0.017,-0.132,-0.063
Accessibility,Distance to urban center,PMod,Central & Southern Tablelands,0.023,0.027,-0.03,0.076
Accessibility,Distance to urban center,PMod,Central & Southern Tablelands,0.188,0.04,0.108,0.267
Accessibility,Distance to urban center,PMod,Central & Southern Tablelands,0.046,0.025,-0.004,0.095
Accessibility,Distance to urban center,PMod,Central Coast,0.05,0.013,0.025,0.076
Accessibility,Distance to urban center,PMod,Darling Riverine Plains,-0.146,0.041,-0.227,-0.064
Accessibility,Distance to urban center,PMod,Darling Riverine Plains,0.445,0.216,0.022,0.868
Accessibility,Distance to urban center,PMod,Far West,-0.029,0.032,-0.091,0.033
Accessibility,Distance to urban center,PMod,North Coast,-0.061,0.03,-0.121,-0.002
Accessibility,Distance to urban center,PMod,North Coast,0.221,0.035,0.152,0.29
Accessibility,Distance to urban center,PMod,North Coast,0.041,0.035,-0.029,0.11
Accessibility,Distance to urban center,PMod,Northern Tablelands,0.334,0.036,0.264,0.403
Accessibility,Distance to urban center,PMod,Northern Tablelands,0.442,0.088,0.269,0.614
Accessibility,Distance to urban center,PMod,Northern Tablelands,0.365,0.042,0.283,0.447
Accessibility,Distance to urban center,PMod,Northwest Slopes,0.158,0.027,0.106,0.211
Accessibility,Distance to urban center,PMod,Northwest Slopes,0.405,0.121,0.168,0.642
Accessibility,Distance to urban center,PMod,Riverina,0.77,0.206,0.369,1.178
Accessibility,Distance to urban center,PMod,Riverina,0.175,0.093,-0.007,0.356
Accessibility,Distance to urban center,PMod,South Coast,0.028,0.043,-0.055,0.111
Accessibility,Distance to urban center,PMod,South Coast,-0.297,0.073,-0.44,-0.155
Accessibility,Distance to urban center,PMod,South Coast,-0.122,0.032,-0.184,-0.059
Accessibility,Parcel size,NMod,Central & Southern Tablelands,-0.148,0.01,-0.169,-0.128
Accessibility,Parcel size,NMod,Central & Southern Tablelands,-0.144,0.018,-0.179,-0.108
Accessibility,Parcel size,NMod,Central & Southern Tablelands,-0.105,0.009,-0.123,-0.087
Accessibility,Parcel size,NMod,Central Coast,-0.048,0.008,-0.063,-0.033
Accessibility,Parcel size,NMod,Central Coast,-0.021,0.019,-0.058,0.015
Accessibility,Parcel size,NMod,Central Coast,-0.024,0.004,-0.032,-0.016
Accessibility,Parcel size,NMod,Darling Riverine Plains,-0.113,0.014,-0.14,-0.087
Accessibility,Parcel size,NMod,Darling Riverine Plains,-0.639,0.213,-1.058,-0.222
Accessibility,Parcel size,NMod,Far West,-0.036,0.008,-0.05,-0.021
Accessibility,Parcel size,NMod,Far West,-0.061,0.053,-0.165,0.044
Accessibility,Parcel size,NMod,Far West,-0.07,0.055,-0.178,0.037
Accessibility,Parcel size,NMod,North Coast,-0.093,0.008,-0.11,-0.077
Accessibility,Parcel size,NMod,North Coast,-0.05,0.007,-0.063,-0.036
Accessibility,Parcel size,NMod,North Coast,-0.078,0.009,-0.095,-0.061
Accessibility,Parcel size,NMod,Northern Tablelands,-0.139,0.01,-0.159,-0.12
Accessibility,Parcel size,NMod,Northern Tablelands,-0.107,0.02,-0.146,-0.068
Accessibility,Parcel size,NMod,Northern Tablelands,-0.12,0.012,-0.144,-0.096
Accessibility,Parcel size,NMod,Northwest Slopes,-0.109,0.006,-0.121,-0.098
Accessibility,Parcel size,NMod,Northwest Slopes,-0.061,0.024,-0.109,-0.014
Accessibility,Parcel size,NMod,Northwest Slopes,-0.118,0.01,-0.137,-0.1
Accessibility,Parcel size,NMod,Riverina,-0.176,0.023,-0.221,-0.131
Accessibility,Parcel size,NMod,Riverina,-0.112,0.089,-0.288,0.06
Accessibility,Parcel size,NMod,Riverina,-0.032,0.016,-0.063,-0
Accessibility,Parcel size,NMod,South Coast,-0.614,0.094,-0.798,-0.431
Accessibility,Parcel size,NMod,South Coast,-0.124,0.064,-0.25,0.002
Accessibility,Parcel size,NMod,South Coast,-0.006,0.005,-0.015,0.004
Accessibility,Parcel size,PMod,Central & Southern Tablelands,0.424,0.011,0.403,0.446
Accessibility,Parcel size,PMod,Central & Southern Tablelands,0.286,0.015,0.256,0.317
Accessibility,Parcel size,PMod,Central & Southern Tablelands,0.427,0.011,0.406,0.449
Accessibility,Parcel size,PMod,Central Coast,0.127,0.008,0.111,0.142
Accessibility,Parcel size,PMod,Central Coast,0.084,0.013,0.058,0.11
Accessibility,Parcel size,PMod,Central Coast,0.112,0.006,0.099,0.124
Accessibility,Parcel size,PMod,Darling Riverine Plains,0.471,0.022,0.429,0.513
Accessibility,Parcel size,PMod,Darling Riverine Plains,1.377,0.177,1.03,1.723
Accessibility,Parcel size,PMod,Far West,0.448,0.018,0.413,0.484
Accessibility,Parcel size,PMod,Far West,0.206,0.036,0.135,0.277
Accessibility,Parcel size,PMod,Far West,5.035,0.27,4.505,5.565
Accessibility,Parcel size,PMod,North Coast,0.31,0.011,0.289,0.331
Accessibility,Parcel size,PMod,North Coast,0.305,0.012,0.282,0.329
Accessibility,Parcel size,PMod,North Coast,0.215,0.01,0.195,0.234
Accessibility,Parcel size,PMod,Northern Tablelands,0.502,0.015,0.474,0.531
Accessibility,Parcel size,PMod,Northern Tablelands,0.309,0.02,0.27,0.349
Accessibility,Parcel size,PMod,Northern Tablelands,0.382,0.015,0.352,0.411
Accessibility,Parcel size,PMod,Northwest Slopes,0.449,0.009,0.432,0.466
Accessibility,Parcel size,PMod,Northwest Slopes,0.252,0.019,0.215,0.29
Accessibility,Parcel size,PMod,Northwest Slopes,0.419,0.011,0.397,0.441
Accessibility,Parcel size,PMod,Riverina,0.208,0.016,0.177,0.24
Accessibility,Parcel size,PMod,Riverina,0.065,0.018,0.03,0.1
Accessibility,Parcel size,PMod,Riverina,0.258,0.025,0.21,0.307
Accessibility,Parcel size,PMod,South Coast,0.861,0.099,0.667,1.055
Accessibility,Parcel size,PMod,South Coast,0.613,0.12,0.377,0.848
Accessibility,Parcel size,PMod,South Coast,1.136,0.09,0.96,1.313
Biophysical,Drought,NMod,Central & Southern Tablelands,0.111,0.097,-0.078,0.301
Biophysical,Drought,NMod,Central & Southern Tablelands,0.019,0.049,-0.078,0.116
Biophysical,Drought,NMod,Central Coast,0.118,0.093,-0.065,0.301
Biophysical,Drought,NMod,Central Coast,-0.115,0.059,-0.231,0.001
Biophysical,Drought,NMod,Darling Riverine Plains,0.06,0.06,-0.058,0.177
Biophysical,Drought,NMod,Far West,-0.009,0.036,-0.081,0.062
Biophysical,Drought,NMod,Northern Tablelands,0.025,0.038,-0.049,0.1
Biophysical,Drought,NMod,Northern Tablelands,0.035,0.112,-0.185,0.255
Biophysical,Drought,NMod,Northwest Slopes,0.084,0.032,0.022,0.147
Biophysical,Drought,NMod,Northwest Slopes,-0.14,0.045,-0.229,-0.052
Biophysical,Drought,NMod,Riverina,-0.159,0.32,-0.787,0.47
Biophysical,Drought,NMod,Riverina,-0.197,0.153,-0.497,0.103
Biophysical,Drought,NMod,South Coast,0.127,0.087,-0.044,0.298
Biophysical,Drought,PMod,Central & Southern Tablelands,0.221,0.109,0.008,0.435
Biophysical,Drought,PMod,Central & Southern Tablelands,0.246,0.053,0.143,0.35
Biophysical,Drought,PMod,Central Coast,0.453,0.139,0.179,0.726
Biophysical,Drought,PMod,Central Coast,-0.527,0.093,-0.71,-0.343
Biophysical,Drought,PMod,Darling Riverine Plains,-0.164,0.063,-0.289,-0.04
Biophysical,Drought,PMod,Far West,0.177,0.045,0.09,0.265
Biophysical,Drought,PMod,Northern Tablelands,0.067,0.054,-0.039,0.173
Biophysical,Drought,PMod,Northern Tablelands,0.358,0.128,0.106,0.609
Biophysical,Drought,PMod,Northwest Slopes,0.199,0.039,0.122,0.276
Biophysical,Drought,PMod,Northwest Slopes,-0.019,0.056,-0.128,0.09
Biophysical,Drought,PMod,Riverina,1.401,0.352,0.708,2.087
Biophysical,Drought,PMod,Riverina,0.548,0.154,0.246,0.85
Biophysical,Drought,PMod,South Coast,0.627,0.192,0.25,1.005
Biophysical,Fire history,NMod,Central & Southern Tablelands,0.022,0.045,-0.066,0.111
Biophysical,Fire history,NMod,Central & Southern Tablelands,0.065,0.075,-0.082,0.214
Biophysical,Fire history,NMod,Central Coast,-0.037,0.097,-0.226,0.153
Biophysical,Fire history,NMod,Darling Riverine Plains,0,31.615,-61.993,61.993
Biophysical,Fire history,NMod,Darling Riverine Plains,0,31.623,-62.009,62.009
Biophysical,Fire history,NMod,North Coast,-0.01,0.035,-0.079,0.059
Biophysical,Fire history,NMod,Northern Tablelands,-0.071,0.058,-0.184,0.043
Biophysical,Fire history,NMod,Northern Tablelands,-0.137,0.103,-0.34,0.065
Biophysical,Fire history,NMod,Northwest Slopes,0.01,0.213,-0.408,0.428
Biophysical,Fire history,NMod,Riverina,-0,31.623,-62.009,62.009
Biophysical,Fire history,NMod,South Coast,-0.015,0.062,-0.137,0.108
Biophysical,Fire history,NMod,South Coast,0.289,0.144,0.006,0.571
Biophysical,Fire history,PMod,Central & Southern Tablelands,0.788,0.062,0.667,0.909
Biophysical,Fire history,PMod,Central & Southern Tablelands,0.322,0.087,0.151,0.493
Biophysical,Fire history,PMod,Central Coast,-0.286,0.118,-0.517,-0.055
Biophysical,Fire history,PMod,Darling Riverine Plains,-0,31.623,-62.009,62.009
Biophysical,Fire history,PMod,Darling Riverine Plains,-0,31.623,-62.009,62.009
Biophysical,Fire history,PMod,North Coast,-0.176,0.044,-0.263,-0.089
Biophysical,Fire history,PMod,Northern Tablelands,-0.659,0.073,-0.803,-0.515
Biophysical,Fire history,PMod,Northern Tablelands,-0.196,0.105,-0.403,0.011
Biophysical,Fire history,PMod,Northwest Slopes,0.698,0.242,0.223,1.173
Biophysical,Fire history,PMod,Riverina,0,31.623,-62.009,62.009
Biophysical,Fire history,PMod,South Coast,0.457,0.093,0.275,0.638
Biophysical,Fire history,PMod,South Coast,0.445,0.18,0.091,0.799
Biophysical,Rainfall,NMod,Central & Southern Tablelands,0.068,0.029,0.012,0.125
Biophysical,Rainfall,NMod,Central & Southern Tablelands,-0.218,0.058,-0.332,-0.104
Biophysical,Rainfall,NMod,Central & Southern Tablelands,0.117,0.033,0.052,0.182
Biophysical,Rainfall,NMod,Central Coast,0.073,0.035,0.004,0.143
Biophysical,Rainfall,NMod,Central Coast,-0.138,0.036,-0.209,-0.068
Biophysical,Rainfall,NMod,Far West,-0.138,0.246,-0.615,0.351
Biophysical,Rainfall,NMod,Far West,-0.115,0.128,-0.367,0.134
Biophysical,Rainfall,NMod,North Coast,-0.056,0.028,-0.112,-0
Biophysical,Rainfall,NMod,North Coast,-0.041,0.039,-0.117,0.037
Biophysical,Rainfall,NMod,Northern Tablelands,-0.022,0.027,-0.073,0.031
Biophysical,Rainfall,NMod,Northern Tablelands,0.046,0.052,-0.057,0.149
Biophysical,Rainfall,NMod,Northwest Slopes,0.089,0.027,0.036,0.141
Biophysical,Rainfall,NMod,Northwest Slopes,0.002,0.045,-0.087,0.091
Biophysical,Rainfall,NMod,Riverina,0.042,0.055,-0.066,0.148
Biophysical,Rainfall,NMod,Riverina,0.705,0.281,0.153,1.259
Biophysical,Rainfall,NMod,Riverina,0.2,0.151,-0.097,0.497
Biophysical,Rainfall,NMod,South Coast,-0.024,0.047,-0.116,0.069
Biophysical,Rainfall,NMod,South Coast,-0.053,0.025,-0.101,-0.004
Biophysical,Rainfall,PMod,Central & Southern Tablelands,0.256,0.049,0.16,0.351
Biophysical,Rainfall,PMod,Central & Southern Tablelands,-0.277,0.09,-0.453,-0.1
Biophysical,Rainfall,PMod,Central & Southern Tablelands,0.011,0.049,-0.086,0.107
Biophysical,Rainfall,PMod,Central Coast,-0.354,0.086,-0.524,-0.185
Biophysical,Rainfall,PMod,Central Coast,-0.12,0.114,-0.344,0.104
Biophysical,Rainfall,PMod,Far West,0.642,0.416,-0.174,1.458
Biophysical,Rainfall,PMod,Far West,-0.536,0.185,-0.898,-0.172
Biophysical,Rainfall,PMod,North Coast,-0.071,0.078,-0.224,0.082
Biophysical,Rainfall,PMod,North Coast,-0.151,0.088,-0.324,0.021
Biophysical,Rainfall,PMod,Northern Tablelands,0.15,0.042,0.067,0.233
Biophysical,Rainfall,PMod,Northern Tablelands,0.328,0.075,0.182,0.475
Biophysical,Rainfall,PMod,Northwest Slopes,-0.131,0.05,-0.229,-0.033
Biophysical,Rainfall,PMod,Northwest Slopes,-0.138,0.081,-0.297,0.02
Biophysical,Rainfall,PMod,Riverina,0.47,0.11,0.258,0.69
Biophysical,Rainfall,PMod,Riverina,1.083,0.477,0.186,2.057
Biophysical,Rainfall,PMod,Riverina,0.404,0.208,-0.002,0.813
Biophysical,Rainfall,PMod,South Coast,0.473,0.122,0.236,0.713
Biophysical,Rainfall,PMod,South Coast,-0.626,0.093,-0.809,-0.443
Biophysical,Slope,NMod,Central & Southern Tablelands,-0.056,0.018,-0.092,-0.02
Biophysical,Slope,NMod,Central & Southern Tablelands,-0.136,0.031,-0.197,-0.076
Biophysical,Slope,NMod,Central & Southern Tablelands,-0.091,0.014,-0.118,-0.065
Biophysical,Slope,NMod,Central Coast,-0.087,0.025,-0.136,-0.038
Biophysical,Slope,NMod,Central Coast,-0.062,0.011,-0.084,-0.039
Biophysical,Slope,NMod,Darling Riverine Plains,-0.02,0.036,-0.091,0.05
Biophysical,Slope,NMod,Darling Riverine Plains,-0.048,0.505,-1.037,0.943
Biophysical,Slope,NMod,Far West,-0.115,0.02,-0.154,-0.075
Biophysical,Slope,NMod,Far West,-0.12,0.034,-0.187,-0.053
Biophysical,Slope,NMod,North Coast,-0.092,0.016,-0.124,-0.059
Biophysical,Slope,NMod,North Coast,-0.142,0.026,-0.192,-0.091
Biophysical,Slope,NMod,North Coast,-0.035,0.016,-0.066,-0.005
Biophysical,Slope,NMod,Northern Tablelands,-0.158,0.021,-0.199,-0.116
Biophysical,Slope,NMod,Northern Tablelands,-0.116,0.022,-0.158,-0.073
Biophysical,Slope,NMod,Northwest Slopes,-0.029,0.022,-0.072,0.014
Biophysical,Slope,NMod,Northwest Slopes,0.017,0.065,-0.111,0.145
Biophysical,Slope,NMod,Northwest Slopes,-0.135,0.02,-0.175,-0.095
Biophysical,Slope,NMod,Riverina,-0.09,0.045,-0.178,-0.002
Biophysical,Slope,NMod,South Coast,-0.093,0.017,-0.125,-0.06
Biophysical,Slope,PMod,Central & Southern Tablelands,-0.055,0.021,-0.097,-0.013
Biophysical,Slope,PMod,Central & Southern Tablelands,-0.051,0.03,-0.11,0.009
Biophysical,Slope,PMod,Central & Southern Tablelands,0.004,0.013,-0.021,0.029
Biophysical,Slope,PMod,Central Coast,-0.038,0.03,-0.097,0.022
Biophysical,Slope,PMod,Central Coast,-0.087,0.012,-0.11,-0.063
Biophysical,Slope,PMod,Darling Riverine Plains,0.084,0.034,0.016,0.151
Biophysical,Slope,PMod,Darling Riverine Plains,0.946,0.266,0.423,1.468
Biophysical,Slope,PMod,Far West,0.026,0.018,-0.01,0.062
Biophysical,Slope,PMod,Far West,0.186,0.026,0.136,0.237
Biophysical,Slope,PMod,North Coast,0.052,0.018,0.017,0.087
Biophysical,Slope,PMod,North Coast,0.074,0.027,0.021,0.127
Biophysical,Slope,PMod,North Coast,-0.036,0.015,-0.065,-0.007
Biophysical,Slope,PMod,Northern Tablelands,0.006,0.024,-0.042,0.053
Biophysical,Slope,PMod,Northern Tablelands,-0.125,0.023,-0.17,-0.081
Biophysical,Slope,PMod,Northwest Slopes,0.051,0.022,0.008,0.093
Biophysical,Slope,PMod,Northwest Slopes,-0.392,0.066,-0.523,-0.262
Biophysical,Slope,PMod,Northwest Slopes,-0.15,0.02,-0.19,-0.111
Biophysical,Slope,PMod,Riverina,0.032,0.04,-0.048,0.111
Biophysical,Slope,PMod,South Coast,-0.117,0.019,-0.154,-0.079
Biophysical,Soil PC1 Bulk density & sand,NMod,Central & Southern Tablelands,-0.065,0.021,-0.107,-0.024
Biophysical,Soil PC1 Bulk density & sand,NMod,Central & Southern Tablelands,0.139,0.051,0.039,0.238
Biophysical,Soil PC1 Bulk density & sand,NMod,Central Coast,-0.115,0.034,-0.182,-0.049
Biophysical,Soil PC1 Bulk density & sand,NMod,Central Coast,0.031,0.203,-0.368,0.43
Biophysical,Soil PC1 Bulk density & sand,NMod,Darling Riverine Plains,-0.052,0.014,-0.079,-0.026
Biophysical,Soil PC1 Bulk density & sand,NMod,Far West,-0.026,0.011,-0.047,-0.005
Biophysical,Soil PC1 Bulk density & sand,NMod,North Coast,0.032,0.018,-0.003,0.068
Biophysical,Soil PC1 Bulk density & sand,NMod,North Coast,0.023,0.031,-0.039,0.084
Biophysical,Soil PC1 Bulk density & sand,NMod,Northern Tablelands,-0.046,0.019,-0.083,-0.009
Biophysical,Soil PC1 Bulk density & sand,NMod,Northern Tablelands,0.125,0.068,-0.007,0.258
Biophysical,Soil PC1 Bulk density & sand,NMod,Northwest Slopes,-0.013,0.007,-0.026,0.001
Biophysical,Soil PC1 Bulk density & sand,NMod,Northwest Slopes,0.051,0.041,-0.03,0.131
Biophysical,Soil PC1 Bulk density & sand,NMod,Riverina,0.469,0.14,0.192,0.742
Biophysical,Soil PC1 Bulk density & sand,NMod,South Coast,-0.017,0.193,-0.396,0.362
Biophysical,Soil PC1 Bulk density & sand,PMod,Central & Southern Tablelands,0.257,0.028,0.203,0.311
Biophysical,Soil PC1 Bulk density & sand,PMod,Central & Southern Tablelands,0.857,0.053,0.754,0.96
Biophysical,Soil PC1 Bulk density & sand,PMod,Central Coast,0.189,0.052,0.087,0.291
Biophysical,Soil PC1 Bulk density & sand,PMod,Central Coast,0.701,0.202,0.305,1.099
Biophysical,Soil PC1 Bulk density & sand,PMod,Darling Riverine Plains,0.09,0.014,0.063,0.117
Biophysical,Soil PC1 Bulk density & sand,PMod,Far West,0.135,0.011,0.113,0.156
Biophysical,Soil PC1 Bulk density & sand,PMod,North Coast,0.236,0.023,0.19,0.282
Biophysical,Soil PC1 Bulk density & sand,PMod,North Coast,0.281,0.037,0.208,0.353
Biophysical,Soil PC1 Bulk density & sand,PMod,Northern Tablelands,0.168,0.024,0.12,0.216
Biophysical,Soil PC1 Bulk density & sand,PMod,Northern Tablelands,0.656,0.07,0.52,0.792
Biophysical,Soil PC1 Bulk density & sand,PMod,Northwest Slopes,0.161,0.008,0.146,0.176
Biophysical,Soil PC1 Bulk density & sand,PMod,Northwest Slopes,0.338,0.05,0.24,0.436
Biophysical,Soil PC1 Bulk density & sand,PMod,Riverina,0.306,0.121,0.07,0.543
Biophysical,Soil PC1 Bulk density & sand,PMod,South Coast,1.247,0.206,0.843,1.651
Biophysical,Soil PC2 Organic carbon & silt,NMod,Central & Southern Tablelands,-0.155,0.037,-0.228,-0.082
Biophysical,Soil PC2 Organic carbon & silt,NMod,Central & Southern Tablelands,0.279,0.089,0.105,0.452
Biophysical,Soil PC2 Organic carbon & silt,NMod,Central Coast,0.099,0.282,-0.454,0.652
Biophysical,Soil PC2 Organic carbon & silt,NMod,Darling Riverine Plains,0.157,0.063,0.033,0.281
Biophysical,Soil PC2 Organic carbon & silt,NMod,North Coast,0.05,0.03,-0.009,0.109
Biophysical,Soil PC2 Organic carbon & silt,NMod,North Coast,-0.096,0.042,-0.179,-0.013
Biophysical,Soil PC2 Organic carbon & silt,NMod,Northern Tablelands,-0.056,0.037,-0.13,0.017
Biophysical,Soil PC2 Organic carbon & silt,NMod,Northern Tablelands,0.301,0.104,0.097,0.504
Biophysical,Soil PC2 Organic carbon & silt,NMod,Northwest Slopes,-0.175,0.028,-0.231,-0.12
Biophysical,Soil PC2 Organic carbon & silt,NMod,Northwest Slopes,0.17,0.101,-0.028,0.366
Biophysical,Soil PC2 Organic carbon & silt,NMod,Riverina,0.28,0.384,-0.472,1.033
Biophysical,Soil PC2 Organic carbon & silt,NMod,South Coast,-0.437,0.222,-0.872,-0
Biophysical,Soil PC2 Organic carbon & silt,PMod,Central & Southern Tablelands,0.18,0.051,0.08,0.281
Biophysical,Soil PC2 Organic carbon & silt,PMod,Central & Southern Tablelands,1.365,0.09,1.188,1.541
Biophysical,Soil PC2 Organic carbon & silt,PMod,Central Coast,0.491,0.236,0.029,0.953
Biophysical,Soil PC2 Organic carbon & silt,PMod,Darling Riverine Plains,-0.064,0.062,-0.186,0.058
Biophysical,Soil PC2 Organic carbon & silt,PMod,North Coast,0.249,0.04,0.17,0.328
Biophysical,Soil PC2 Organic carbon & silt,PMod,North Coast,0.211,0.059,0.095,0.327
Biophysical,Soil PC2 Organic carbon & silt,PMod,Northern Tablelands,0.088,0.047,-0.005,0.181
Biophysical,Soil PC2 Organic carbon & silt,PMod,Northern Tablelands,0.906,0.107,0.696,1.116
Biophysical,Soil PC2 Organic carbon & silt,PMod,Northwest Slopes,0.241,0.031,0.18,0.302
Biophysical,Soil PC2 Organic carbon & silt,PMod,Northwest Slopes,0.84,0.122,0.6,1.079
Biophysical,Soil PC2 Organic carbon & silt,PMod,Riverina,0.498,0.305,-0.101,1.096
Biophysical,Soil PC2 Organic carbon & silt,PMod,South Coast,0.28,0.227,-0.165,0.726
Biophysical,Soil PC3 Nitrogen & water capacity,NMod,Central & Southern Tablelands,-0.026,0.021,-0.066,0.015
Biophysical,Soil PC3 Nitrogen & water capacity,NMod,Central & Southern Tablelands,0.281,0.05,0.183,0.379
Biophysical,Soil PC3 Nitrogen & water capacity,NMod,Central Coast,0.066,0.031,0.005,0.128
Biophysical,Soil PC3 Nitrogen & water capacity,NMod,Central Coast,-0.016,0.104,-0.22,0.189
Biophysical,Soil PC3 Nitrogen & water capacity,NMod,Darling Riverine Plains,0.091,0.036,0.022,0.161
Biophysical,Soil PC3 Nitrogen & water capacity,NMod,Far West,0.084,0.023,0.038,0.13
Biophysical,Soil PC3 Nitrogen & water capacity,NMod,North Coast,-0.028,0.012,-0.053,-0.004
Biophysical,Soil PC3 Nitrogen & water capacity,NMod,North Coast,0.005,0.022,-0.038,0.047
Biophysical,Soil PC3 Nitrogen & water capacity,NMod,Northwest Slopes,0.065,0.019,0.027,0.103
Biophysical,Soil PC3 Nitrogen & water capacity,NMod,Riverina,0.138,0.042,0.057,0.221
Biophysical,Soil PC3 Nitrogen & water capacity,NMod,Riverina,-0.398,0.194,-0.783,-0.019
Biophysical,Soil PC3 Nitrogen & water capacity,NMod,South Coast,-0.067,0.053,-0.171,0.037
Biophysical,Soil PC3 Nitrogen & water capacity,NMod,South Coast,0.429,0.151,0.133,0.724
Biophysical,Soil PC3 Nitrogen & water capacity,PMod,Central & Southern Tablelands,-0.144,0.033,-0.209,-0.08
Biophysical,Soil PC3 Nitrogen & water capacity,PMod,Central & Southern Tablelands,-0.038,0.051,-0.139,0.062
Biophysical,Soil PC3 Nitrogen & water capacity,PMod,Central Coast,-0.016,0.05,-0.114,0.081
Biophysical,Soil PC3 Nitrogen & water capacity,PMod,Central Coast,-0.314,0.12,-0.55,-0.079
Biophysical,Soil PC3 Nitrogen & water capacity,PMod,Darling Riverine Plains,0.061,0.035,-0.008,0.129
Biophysical,Soil PC3 Nitrogen & water capacity,PMod,Far West,0.429,0.025,0.381,0.478
Biophysical,Soil PC3 Nitrogen & water capacity,PMod,North Coast,-0.116,0.02,-0.155,-0.076
Biophysical,Soil PC3 Nitrogen & water capacity,PMod,North Coast,-0.095,0.029,-0.152,-0.037
Biophysical,Soil PC3 Nitrogen & water capacity,PMod,Northwest Slopes,-0.061,0.021,-0.103,-0.019
Biophysical,Soil PC3 Nitrogen & water capacity,PMod,Riverina,0.196,0.043,0.112,0.28
Biophysical,Soil PC3 Nitrogen & water capacity,PMod,Riverina,-0.926,0.18,-1.28,-0.575
Biophysical,Soil PC3 Nitrogen & water capacity,PMod,South Coast,-0.142,0.072,-0.283,-0.002
Biophysical,Soil PC3 Nitrogen & water capacity,PMod,South Coast,0.145,0.155,-0.159,0.449
Biophysical,Temperature,NMod,Central & Southern Tablelands,0.007,0.052,-0.094,0.109
Biophysical,Temperature,NMod,Central & Southern Tablelands,0.148,0.036,0.077,0.219
Biophysical,Temperature,NMod,Central Coast,-0.022,0.075,-0.168,0.125
Biophysical,Temperature,NMod,Darling Riverine Plains,0.155,0.058,0.04,0.269
Biophysical,Temperature,NMod,Darling Riverine Plains,-0.396,0.438,-1.254,0.463
Biophysical,Temperature,NMod,Far West,-0.308,0.158,-0.619,0.002
Biophysical,Temperature,NMod,North Coast,-0.001,0.015,-0.03,0.028
Biophysical,Temperature,NMod,North Coast,-0.127,0.035,-0.194,-0.058
Biophysical,Temperature,NMod,Northern Tablelands,-0.004,0.027,-0.056,0.049
Biophysical,Temperature,NMod,Northern Tablelands,0.148,0.047,0.056,0.24
Biophysical,Temperature,NMod,Northern Tablelands,0.126,0.045,0.038,0.214
Biophysical,Temperature,NMod,Northwest Slopes,0.086,0.035,0.017,0.154
Biophysical,Temperature,NMod,Northwest Slopes,-0.134,0.079,-0.289,0.02
Biophysical,Temperature,NMod,Northwest Slopes,0.002,0.05,-0.095,0.102
Biophysical,Temperature,NMod,Riverina,0.239,0.153,-0.058,0.542
Biophysical,Temperature,NMod,South Coast,0.139,0.042,0.056,0.222
Biophysical,Temperature,PMod,Central & Southern Tablelands,-0.762,0.09,-0.94,-0.585
Biophysical,Temperature,PMod,Central & Southern Tablelands,-0.302,0.055,-0.411,-0.193
Biophysical,Temperature,PMod,Central Coast,-0.221,0.065,-0.348,-0.094
Biophysical,Temperature,PMod,Darling Riverine Plains,-0.27,0.098,-0.461,-0.078
Biophysical,Temperature,PMod,Darling Riverine Plains,-1.141,0.395,-1.911,-0.362
Biophysical,Temperature,PMod,Far West,-1.123,0.228,-1.571,-0.675
Biophysical,Temperature,PMod,North Coast,0.138,0.05,0.039,0.237
Biophysical,Temperature,PMod,North Coast,0.139,0.061,0.019,0.259
Biophysical,Temperature,PMod,Northern Tablelands,-0.192,0.05,-0.289,-0.094
Biophysical,Temperature,PMod,Northern Tablelands,-0.078,0.089,-0.253,0.096
Biophysical,Temperature,PMod,Northern Tablelands,-0.28,0.052,-0.382,-0.179
Biophysical,Temperature,PMod,Northwest Slopes,0.008,0.072,-0.134,0.15
Biophysical,Temperature,PMod,Northwest Slopes,-0.213,0.165,-0.539,0.108
Biophysical,Temperature,PMod,Northwest Slopes,-0.278,0.106,-0.487,-0.07
Biophysical,Temperature,PMod,Riverina,-0.135,0.193,-0.513,0.245
Biophysical,Temperature,PMod,South Coast,0.133,0.094,-0.052,0.318
Demography,Population Growth,NMod,Central & Southern Tablelands,0.184,0.049,0.088,0.28
Demography,Population Growth,NMod,Central Coast,0.026,0.025,-0.024,0.075
Demography,Population Growth,NMod,North Coast,0.092,0.022,0.05,0.134
Demography,Population Growth,NMod,South Coast,0.017,0.018,-0.018,0.051
Demography,Population Growth,PMod,Central & Southern Tablelands,0.064,0.031,0.003,0.124
Demography,Population Growth,PMod,Central Coast,0.162,0.045,0.074,0.25
Demography,Population Growth,PMod,North Coast,0.045,0.02,0.005,0.085
Demography,Population Growth,PMod,South Coast,0.198,0.036,0.126,0.269
Demography,Population density,NMod,Central & Southern Tablelands,18.169,3.189,11.912,24.418
Demography,Population density,NMod,Central & Southern Tablelands,10.987,12.048,-12.65,34.6
Demography,Population density,NMod,Central & Southern Tablelands,0.958,0.072,0.816,1.1
Demography,Population density,NMod,Central Coast,1.944,1.306,-0.619,4.505
Demography,Population density,NMod,Central Coast,0.278,30.287,-59.111,59.666
Demography,Population density,NMod,Central Coast,0.127,0.041,0.048,0.207
Demography,Population density,NMod,Darling Riverine Plains,-8.906,23.998,-57.969,37.359
Demography,Population density,NMod,Darling Riverine Plains,0.761,0.938,-1.079,2.601
Demography,Population density,NMod,Far West,9.832,4.425,1.152,18.507
Demography,Population density,NMod,Far West,0.6,0.199,0.211,0.99
Demography,Population density,NMod,North Coast,-0.062,0.615,-1.269,1.142
Demography,Population density,NMod,North Coast,-2.097,3.885,-9.723,5.514
Demography,Population density,NMod,North Coast,0.783,0.066,0.654,0.911
Demography,Population density,NMod,Northern Tablelands,0.564,0.301,-0.023,1.159
Demography,Population density,NMod,Northwest Slopes,-1.1,4.542,-10.009,7.806
Demography,Population density,NMod,Northwest Slopes,1.606,0.144,1.322,1.888
Demography,Population density,NMod,Riverina,-2.917,8.137,-18.871,13.041
Demography,Population density,NMod,Riverina,0.885,0.305,0.284,1.48
Demography,Population density,NMod,South Coast,1.07,5.615,-9.943,12.079
Demography,Population density,NMod,South Coast,-30.722,18.33,-66.641,5.247
Demography,Population density,NMod,South Coast,0.032,0.036,-0.039,0.102
Demography,Population density,PMod,Central & Southern Tablelands,-19.032,3.845,-26.573,-11.493
Demography,Population density,PMod,Central & Southern Tablelands,-55.353,13.4,-81.634,-29.082
Demography,Population density,PMod,Central & Southern Tablelands,-0.81,0.059,-0.925,-0.694
Demography,Population density,PMod,Central Coast,-17.643,4.733,-26.917,-8.354
Demography,Population density,PMod,Central Coast,-68.693,23.659,-115.083,-22.299
Demography,Population density,PMod,Central Coast,-1.291,0.063,-1.415,-1.167
Demography,Population density,PMod,Darling Riverine Plains,-102.651,24.268,-150.232,-55.057
Demography,Population density,PMod,Darling Riverine Plains,-1.749,0.704,-3.131,-0.369
Demography,Population density,PMod,Far West,-74.928,8.363,-91.327,-58.528
Demography,Population density,PMod,Far West,-1.17,0.237,-1.634,-0.706
Demography,Population density,PMod,North Coast,-6.877,1.236,-9.301,-4.453
Demography,Population density,PMod,North Coast,-26.711,5.102,-36.718,-16.707
Demography,Population density,PMod,North Coast,-0.729,0.067,-0.859,-0.598
Demography,Population density,PMod,Northern Tablelands,-0.395,0.187,-0.763,-0.031
Demography,Population density,PMod,Northwest Slopes,-14.039,4.718,-23.289,-4.788
Demography,Population density,PMod,Northwest Slopes,-0.96,0.149,-1.253,-0.668
Demography,Population density,PMod,Riverina,-42.493,12.309,-66.617,-18.342
Demography,Population density,PMod,Riverina,-1.32,0.205,-1.721,-0.919
Demography,Population density,PMod,South Coast,-23.084,5.997,-34.85,-11.33
Demography,Population density,PMod,South Coast,-61.638,16.276,-93.553,-29.722
Demography,Population density,PMod,South Coast,-1.308,0.085,-1.475,-1.141
Demography,SE-PC1: Lower income,NMod,Central & Southern Tablelands,-0.108,0.034,-0.175,-0.041
Demography,SE-PC1: Lower income,NMod,Central Coast,0.025,0.039,-0.051,0.101
Demography,SE-PC1: Lower income,NMod,Central Coast,0.259,0.159,-0.052,0.57
Demography,SE-PC1: Lower income,NMod,Central Coast,-0.065,0.013,-0.091,-0.04
Demography,SE-PC1: Lower income,NMod,Far West,-0.099,0.061,-0.221,0.02
Demography,SE-PC1: Lower income,NMod,North Coast,-0.045,0.025,-0.093,0.003
Demography,SE-PC1: Lower income,NMod,North Coast,0.052,0.04,-0.027,0.132
Demography,SE-PC1: Lower income,NMod,North Coast,-0.036,0.033,-0.1,0.028
Demography,SE-PC1: Lower income,NMod,Northern Tablelands,0.1,0.075,-0.046,0.247
Demography,SE-PC1: Lower income,NMod,Northern Tablelands,0.026,0.091,-0.153,0.206
Demography,SE-PC1: Lower income,NMod,South Coast,0.028,0.018,-0.007,0.063
Demography,SE-PC1: Lower income,PMod,Central & Southern Tablelands,-0.074,0.047,-0.167,0.018
Demography,SE-PC1: Lower income,PMod,Central Coast,-0.139,0.074,-0.283,0.007
Demography,SE-PC1: Lower income,PMod,Central Coast,0.38,0.13,0.126,0.638
Demography,SE-PC1: Lower income,PMod,Central Coast,-0.042,0.023,-0.087,0.004
Demography,SE-PC1: Lower income,PMod,Far West,0.008,0.099,-0.187,0.2
Demography,SE-PC1: Lower income,PMod,North Coast,-0.083,0.053,-0.186,0.021
Demography,SE-PC1: Lower income,PMod,North Coast,-0.099,0.082,-0.26,0.063
Demography,SE-PC1: Lower income,PMod,North Coast,-0.128,0.042,-0.21,-0.045
Demography,SE-PC1: Lower income,PMod,Northern Tablelands,0.27,0.18,-0.083,0.625
Demography,SE-PC1: Lower income,PMod,Northern Tablelands,0.215,0.103,0.016,0.42
Demography,SE-PC1: Lower income,PMod,South Coast,-0.14,0.047,-0.232,-0.047
Demography,"SE-PC2: Australia born, speak English",NMod,Central & Southern Tablelands,-0.106,0.071,-0.246,0.034
Demography,"SE-PC2: Australia born, speak English",NMod,Central & Southern Tablelands,-0.139,0.047,-0.231,-0.047
Demography,"SE-PC2: Australia born, speak English",NMod,Central Coast,-0.008,0.043,-0.093,0.077
Demography,"SE-PC2: Australia born, speak English",NMod,Central Coast,-0.098,0.235,-0.558,0.362
Demography,"SE-PC2: Australia born, speak English",NMod,Central Coast,-0.035,0.018,-0.07,0
Demography,"SE-PC2: Australia born, speak English",NMod,Darling Riverine Plains,0.079,0.041,-0.002,0.16
Demography,"SE-PC2: Australia born, speak English",NMod,Darling Riverine Plains,0.02,0.52,-1,1.039
Demography,"SE-PC2: Australia born, speak English",NMod,Darling Riverine Plains,-0.057,0.118,-0.288,0.174
Demography,"SE-PC2: Australia born, speak English",NMod,Far West,0.005,0.044,-0.081,0.091
Demography,"SE-PC2: Australia born, speak English",NMod,Far West,0.046,0.08,-0.112,0.203
Demography,"SE-PC2: Australia born, speak English",NMod,North Coast,-0.003,0.027,-0.057,0.051
Demography,"SE-PC2: Australia born, speak English",NMod,Northern Tablelands,0.2,0.096,0.012,0.391
Demography,"SE-PC2: Australia born, speak English",NMod,Northwest Slopes,0.082,0.043,-0.002,0.167
Demography,"SE-PC2: Australia born, speak English",NMod,Riverina,-0.338,0.127,-0.589,-0.089
Demography,"SE-PC2: Australia born, speak English",NMod,South Coast,-0.15,0.039,-0.226,-0.074
Demography,"SE-PC2: Australia born, speak English",PMod,Central & Southern Tablelands,0.212,0.171,-0.123,0.549
Demography,"SE-PC2: Australia born, speak English",PMod,Central & Southern Tablelands,0.001,0.057,-0.112,0.113
Demography,"SE-PC2: Australia born, speak English",PMod,Central Coast,0.212,0.084,0.047,0.376
Demography,"SE-PC2: Australia born, speak English",PMod,Central Coast,0.524,0.219,0.096,0.956
Demography,"SE-PC2: Australia born, speak English",PMod,Central Coast,-0.248,0.032,-0.31,-0.186
Demography,"SE-PC2: Australia born, speak English",PMod,Darling Riverine Plains,0.257,0.157,-0.049,0.571
Demography,"SE-PC2: Australia born, speak English",PMod,Darling Riverine Plains,-0.827,0.319,-1.454,-0.201
Demography,"SE-PC2: Australia born, speak English",PMod,Darling Riverine Plains,0.217,0.112,-0.002,0.437
Demography,"SE-PC2: Australia born, speak English",PMod,Far West,0.059,0.07,-0.077,0.198
Demography,"SE-PC2: Australia born, speak English",PMod,Far West,-0.191,0.084,-0.357,-0.026
Demography,"SE-PC2: Australia born, speak English",PMod,North Coast,0.095,0.053,-0.01,0.199
Demography,"SE-PC2: Australia born, speak English",PMod,Northern Tablelands,-0.283,0.088,-0.457,-0.11
Demography,"SE-PC2: Australia born, speak English",PMod,Northwest Slopes,-0.053,0.074,-0.2,0.092
Demography,"SE-PC2: Australia born, speak English",PMod,Riverina,0.07,0.114,-0.153,0.293
Demography,"SE-PC2: Australia born, speak English",PMod,South Coast,-0.02,0.139,-0.289,0.258
Demography,"SE-PC3: 1-parent fam., children <15",NMod,Central & Southern Tablelands,0.04,0.059,-0.077,0.156
Demography,"SE-PC3: 1-parent fam., children <15",NMod,Far West,0.024,0.075,-0.122,0.173
Demography,"SE-PC3: 1-parent fam., children <15",NMod,Far West,0.293,0.396,-0.506,1.052
Demography,"SE-PC3: 1-parent fam., children <15",NMod,Far West,-0.019,0.108,-0.233,0.192
Demography,"SE-PC3: 1-parent fam., children <15",NMod,Northern Tablelands,-0.133,0.12,-0.368,0.103
Demography,"SE-PC3: 1-parent fam., children <15",NMod,Northwest Slopes,-0.021,0.035,-0.089,0.047
Demography,"SE-PC3: 1-parent fam., children <15",NMod,Northwest Slopes,0.012,0.059,-0.103,0.127
Demography,"SE-PC3: 1-parent fam., children <15",NMod,Riverina,0.419,0.204,0.023,0.823
Demography,"SE-PC3: 1-parent fam., children <15",NMod,South Coast,-0.025,0.049,-0.121,0.071
Demography,"SE-PC3: 1-parent fam., children <15",NMod,South Coast,-0.05,0.032,-0.113,0.012
Demography,"SE-PC3: 1-parent fam., children <15",PMod,Central & Southern Tablelands,-0.065,0.062,-0.186,0.056
Demography,"SE-PC3: 1-parent fam., children <15",PMod,Far West,0.104,0.121,-0.132,0.343
Demography,"SE-PC3: 1-parent fam., children <15",PMod,Far West,-0.74,0.46,-1.653,0.156
Demography,"SE-PC3: 1-parent fam., children <15",PMod,Far West,-0.295,0.121,-0.534,-0.059
Demography,"SE-PC3: 1-parent fam., children <15",PMod,Northern Tablelands,-0.137,0.117,-0.368,0.09
Demography,"SE-PC3: 1-parent fam., children <15",PMod,Northwest Slopes,-0.212,0.07,-0.352,-0.075
Demography,"SE-PC3: 1-parent fam., children <15",PMod,Northwest Slopes,-0.309,0.094,-0.495,-0.127
Demography,"SE-PC3: 1-parent fam., children <15",PMod,Riverina,-0.233,0.168,-0.567,0.094
Demography,"SE-PC3: 1-parent fam., children <15",PMod,South Coast,-0.336,0.138,-0.609,-0.068
Demography,"SE-PC3: 1-parent fam., children <15",PMod,South Coast,-0.218,0.078,-0.371,-0.064
Demography,SE-PC4: Coup. fam. no children <15,NMod,Central & Southern Tablelands,0.134,0.059,0.018,0.248
Demography,SE-PC4: Coup. fam. no children <15,NMod,Central & Southern Tablelands,0.047,0.05,-0.051,0.146
Demography,SE-PC4: Coup. fam. no children <15,NMod,Central Coast,0.01,0.034,-0.058,0.077
Demography,SE-PC4: Coup. fam. no children <15,NMod,Central Coast,0.018,0.026,-0.032,0.068
Demography,SE-PC4: Coup. fam. no children <15,NMod,Darling Riverine Plains,0.313,0.071,0.174,0.451
Demography,SE-PC4: Coup. fam. no children <15,NMod,Far West,-0.019,0.071,-0.158,0.12
Demography,SE-PC4: Coup. fam. no children <15,NMod,Riverina,-0.04,0.063,-0.163,0.083
Demography,SE-PC4: Coup. fam. no children <15,NMod,Riverina,-0.463,0.16,-0.779,-0.149
Demography,SE-PC4: Coup. fam. no children <15,PMod,Central & Southern Tablelands,0.165,0.168,-0.166,0.494
Demography,SE-PC4: Coup. fam. no children <15,PMod,Central & Southern Tablelands,0.109,0.063,-0.015,0.234
Demography,SE-PC4: Coup. fam. no children <15,PMod,Central Coast,0.206,0.081,0.047,0.367
Demography,SE-PC4: Coup. fam. no children <15,PMod,Central Coast,-0.109,0.04,-0.187,-0.032
Demography,SE-PC4: Coup. fam. no children <15,PMod,Darling Riverine Plains,0.502,0.275,-0.033,1.049
Demography,SE-PC4: Coup. fam. no children <15,PMod,Far West,0.071,0.124,-0.172,0.314
Demography,SE-PC4: Coup. fam. no children <15,PMod,Riverina,0.186,0.116,-0.04,0.417
Demography,SE-PC4: Coup. fam. no children <15,PMod,Riverina,0.112,0.137,-0.157,0.38
Demography,SE-PC5: Coup. fam. children <15,NMod,Central Coast,0.129,0.019,0.092,0.166
Demography,SE-PC5: Coup. fam. children <15,NMod,Far West,-0.025,0.05,-0.124,0.073
Demography,SE-PC5: Coup. fam. children <15,NMod,Far West,-0.105,0.097,-0.295,0.087
Demography,SE-PC5: Coup. fam. children <15,NMod,North Coast,0.011,0.041,-0.07,0.092
Demography,SE-PC5: Coup. fam. children <15,NMod,Northwest Slopes,0.068,0.036,-0.002,0.139
Demography,SE-PC5: Coup. fam. children <15,NMod,Northwest Slopes,0.258,0.058,0.146,0.373
Demography,SE-PC5: Coup. fam. children <15,NMod,Riverina,0.084,0.054,-0.022,0.191
Demography,SE-PC5: Coup. fam. children <15,NMod,Riverina,0.166,0.149,-0.126,0.461
Demography,SE-PC5: Coup. fam. children <15,PMod,Central Coast,0.101,0.03,0.042,0.161
Demography,SE-PC5: Coup. fam. children <15,PMod,Far West,0.105,0.087,-0.064,0.276
Demography,SE-PC5: Coup. fam. children <15,PMod,Far West,0.329,0.102,0.13,0.529
Demography,SE-PC5: Coup. fam. children <15,PMod,North Coast,0.14,0.076,-0.01,0.29
Demography,SE-PC5: Coup. fam. children <15,PMod,Northwest Slopes,-0.048,0.071,-0.188,0.09
Demography,SE-PC5: Coup. fam. children <15,PMod,Northwest Slopes,0.001,0.091,-0.178,0.181
Demography,SE-PC5: Coup. fam. children <15,PMod,Riverina,0.269,0.098,0.076,0.462
Demography,SE-PC5: Coup. fam. children <15,PMod,Riverina,-0.145,0.109,-0.36,0.069
Economic,Agricultural profit,NMod,Central & Southern Tablelands,-0.95,0.335,-1.607,-0.292
Economic,Agricultural profit,NMod,Central Coast,2.334,31.599,-59.628,64.296
Economic,Agricultural profit,NMod,Central Coast,0.06,31.622,-61.948,62.068
Economic,Agricultural profit,NMod,Far West,2.234,0.485,1.289,3.195
Economic,Agricultural profit,NMod,North Coast,0.162,0.021,0.122,0.203
Economic,Agricultural profit,PMod,Central & Southern Tablelands,-0.417,0.698,-1.788,0.951
Economic,Agricultural profit,PMod,Central Coast,1.162,31.608,-60.818,63.142
Economic,Agricultural profit,PMod,Central Coast,-0.524,31.62,-62.529,61.48
Economic,Agricultural profit,PMod,Far West,-0.779,0.642,-2.045,0.476
Economic,Agricultural profit,PMod,North Coast,0.058,0.085,-0.108,0.225
Economic,Land value,NMod,Central & Southern Tablelands,9.843,13.833,-17.281,36.968
Economic,Land value,NMod,Central & Southern Tablelands,-0,0.002,-0.005,0.004
Economic,Land value,NMod,Central Coast,15.426,12.78,-9.641,40.481
Economic,Land value,NMod,Central Coast,0.001,0.007,-0.012,0.015
Economic,Land value,NMod,Darling Riverine Plains,-0.108,0.047,-0.2,-0.016
Economic,Land value,NMod,Far West,1.369,0.243,0.902,1.857
Economic,Land value,NMod,North Coast,15.38,13.765,-11.6,42.389
Economic,Land value,NMod,Northern Tablelands,0.352,0.296,-0.228,0.931
Economic,Land value,NMod,Northern Tablelands,1.164,0.195,0.782,1.546
Economic,Land value,NMod,Northwest Slopes,0.318,0.065,0.19,0.447
Economic,Land value,NMod,Riverina,17.29,5.47,6.561,28.015
Economic,Land value,NMod,Riverina,-21.088,24.8,-69.587,27.688
Economic,Land value,NMod,South Coast,-0.03,0.172,-0.366,0.307
Economic,Land value,NMod,South Coast,-1.017,30.97,-61.747,59.713
Economic,Land value,NMod,South Coast,8.443,0.478,7.506,9.38
Economic,Land value,PMod,Central & Southern Tablelands,-57.956,22.72,-102.509,-13.404
Economic,Land value,PMod,Central & Southern Tablelands,0.047,0.02,0.008,0.085
Economic,Land value,PMod,Central Coast,-84.315,24.432,-132.224,-36.405
Economic,Land value,PMod,Central Coast,0.013,0.007,-0.001,0.028
Economic,Land value,PMod,Darling Riverine Plains,0.016,0.039,-0.06,0.093
Economic,Land value,PMod,Far West,-0.029,0.139,-0.301,0.242
Economic,Land value,PMod,North Coast,-213.725,21.161,-255.22,-172.229
Economic,Land value,PMod,Northern Tablelands,-8.308,2.249,-12.719,-3.898
Economic,Land value,PMod,Northern Tablelands,-0.003,0.036,-0.074,0.068
Economic,Land value,PMod,Northwest Slopes,-0.007,0.034,-0.075,0.06
Economic,Land value,PMod,Riverina,-34.83,12.138,-58.641,-11.039
Economic,Land value,PMod,Riverina,-42.327,21.405,-84.298,-0.353
Economic,Land value,PMod,South Coast,0.878,0.201,0.484,1.274
Economic,Land value,PMod,South Coast,-83.813,28.018,-138.751,-28.87
Economic,Land value,PMod,South Coast,-0.725,0.638,-1.975,0.525
Environment,Ecological condition,NMod,Central & Southern Tablelands,-0.32,0.031,-0.382,-0.259
Environment,Ecological condition,NMod,Central & Southern Tablelands,0.05,0.047,-0.042,0.142
Environment,Ecological condition,NMod,Central & Southern Tablelands,-0.234,0.021,-0.275,-0.193
Environment,Ecological condition,NMod,Central Coast,-0.205,0.034,-0.272,-0.138
Environment,Ecological condition,NMod,Central Coast,-0.194,0.169,-0.525,0.138
Environment,Ecological condition,NMod,Central Coast,-0.065,0.01,-0.084,-0.046
Environment,Ecological condition,NMod,Darling Riverine Plains,-0.31,0.049,-0.407,-0.214
Environment,Ecological condition,NMod,Darling Riverine Plains,-0.551,0.2,-0.941,-0.158
Environment,Ecological condition,NMod,Far West,-0.337,0.033,-0.401,-0.273
Environment,Ecological condition,NMod,Far West,-0.056,0.118,-0.287,0.176
Environment,Ecological condition,NMod,Far West,-0.282,0.067,-0.413,-0.151
Environment,Ecological condition,NMod,North Coast,-0.31,0.025,-0.359,-0.261
Environment,Ecological condition,NMod,North Coast,-0.064,0.042,-0.147,0.018
Environment,Ecological condition,NMod,North Coast,-0.288,0.023,-0.333,-0.243
Environment,Ecological condition,NMod,Northern Tablelands,-0.129,0.038,-0.204,-0.054
Environment,Ecological condition,NMod,Northern Tablelands,-0.8,0.074,-0.945,-0.655
Environment,Ecological condition,NMod,Northern Tablelands,-0.12,0.048,-0.213,-0.027
Environment,Ecological condition,NMod,Northwest Slopes,-0.21,0.024,-0.258,-0.162
Environment,Ecological condition,NMod,Northwest Slopes,-0.59,0.101,-0.787,-0.391
Environment,Ecological condition,NMod,Northwest Slopes,-0.23,0.03,-0.288,-0.173
Environment,Ecological condition,NMod,Riverina,-0.479,0.071,-0.618,-0.341
Environment,Ecological condition,NMod,Riverina,-0.368,0.137,-0.636,-0.099
Environment,Ecological condition,NMod,Riverina,-0.135,0.059,-0.251,-0.019
Environment,Ecological condition,NMod,South Coast,-0.251,0.052,-0.353,-0.149
Environment,Ecological condition,NMod,South Coast,-0.371,0.1,-0.567,-0.174
Environment,Ecological condition,NMod,South Coast,-0.043,0.016,-0.074,-0.013
Environment,Ecological condition,PMod,Central & Southern Tablelands,0.609,0.032,0.547,0.671
Environment,Ecological condition,PMod,Central & Southern Tablelands,1.417,0.046,1.326,1.507
Environment,Ecological condition,PMod,Central & Southern Tablelands,0.648,0.02,0.608,0.687
Environment,Ecological condition,PMod,Central Coast,0.293,0.037,0.22,0.365
Environment,Ecological condition,PMod,Central Coast,1.51,0.198,1.121,1.898
Environment,Ecological condition,PMod,Central Coast,0.388,0.011,0.366,0.411
Environment,Ecological condition,PMod,Darling Riverine Plains,0.08,0.051,-0.021,0.18
Environment,Ecological condition,PMod,Darling Riverine Plains,0.445,0.162,0.127,0.762
Environment,Ecological condition,PMod,Far West,0.237,0.033,0.172,0.302
Environment,Ecological condition,PMod,Far West,0.864,0.093,0.682,1.046
Environment,Ecological condition,PMod,Far West,0.643,0.061,0.523,0.764
Environment,Ecological condition,PMod,North Coast,0.338,0.027,0.285,0.39
Environment,Ecological condition,PMod,North Coast,1.158,0.044,1.071,1.245
Environment,Ecological condition,PMod,North Coast,0.653,0.023,0.609,0.697
Environment,Ecological condition,PMod,Northern Tablelands,0.835,0.043,0.751,0.918
Environment,Ecological condition,PMod,Northern Tablelands,0.866,0.069,0.731,1.001
Environment,Ecological condition,PMod,Northern Tablelands,1.201,0.05,1.103,1.298
Environment,Ecological condition,PMod,Northwest Slopes,0.393,0.026,0.343,0.443
Environment,Ecological condition,PMod,Northwest Slopes,0.842,0.095,0.656,1.028
Environment,Ecological condition,PMod,Northwest Slopes,0.897,0.032,0.834,0.96
Environment,Ecological condition,PMod,Riverina,0.235,0.066,0.105,0.366
Environment,Ecological condition,PMod,Riverina,0.777,0.125,0.533,1.021
Environment,Ecological condition,PMod,Riverina,0.294,0.051,0.194,0.394
Environment,Ecological condition,PMod,South Coast,0.263,0.062,0.142,0.385
Environment,Ecological condition,PMod,South Coast,0.456,0.116,0.229,0.683
Environment,Ecological condition,PMod,South Coast,0.546,0.025,0.497,0.594
Policy,Land use  (Intensive Uses),NMod,Central & Southern Tablelands,0.142,0.123,-0.099,0.383
Policy,Land use  (Intensive Uses),NMod,Central & Southern Tablelands,1.024,0.299,0.438,1.611
Policy,Land use  (Intensive Uses),NMod,Central & Southern Tablelands,0.315,0.064,0.191,0.44
Policy,Land use  (Intensive Uses),NMod,Central Coast,0.397,0.11,0.181,0.614
Policy,Land use  (Intensive Uses),NMod,Central Coast,0.642,0.032,0.578,0.705
Policy,Land use  (Intensive Uses),NMod,Darling Riverine Plains,-0.176,0.53,-1.215,0.863
Policy,Land use  (Intensive Uses),NMod,Far West,-0.352,0.292,-0.924,0.221
Policy,Land use  (Intensive Uses),NMod,Far West,-4.093,0.881,-5.823,-2.368
Policy,Land use  (Intensive Uses),NMod,North Coast,0.348,0.063,0.225,0.471
Policy,Land use  (Intensive Uses),NMod,North Coast,0.42,0.178,0.072,0.768
Policy,Land use  (Intensive Uses),NMod,North Coast,0.66,0.045,0.571,0.749
Policy,Land use  (Intensive Uses),NMod,Northern Tablelands,1.105,0.298,0.52,1.69
Policy,Land use  (Intensive Uses),NMod,Northern Tablelands,1.352,0.168,1.023,1.681
Policy,Land use  (Intensive Uses),NMod,Northwest Slopes,0.395,0.161,0.08,0.71
Policy,Land use  (Intensive Uses),NMod,Northwest Slopes,0.973,0.084,0.809,1.137
Policy,Land use  (Intensive Uses),NMod,Riverina,-0.277,0.682,-1.615,1.06
Policy,Land use  (Intensive Uses),NMod,South Coast,0.182,0.121,-0.056,0.419
Policy,Land use  (Intensive Uses),NMod,South Coast,0.342,0.035,0.273,0.412
Policy,Land use  (Intensive Uses),PMod,Central & Southern Tablelands,-0.11,0.14,-0.385,0.165
Policy,Land use  (Intensive Uses),PMod,Central & Southern Tablelands,1.014,0.273,0.479,1.549
Policy,Land use  (Intensive Uses),PMod,Central & Southern Tablelands,0.044,0.068,-0.09,0.178
Policy,Land use  (Intensive Uses),PMod,Central Coast,-0.638,0.137,-0.906,-0.37
Policy,Land use  (Intensive Uses),PMod,Central Coast,-0.067,0.036,-0.138,0.004
Policy,Land use  (Intensive Uses),PMod,Darling Riverine Plains,-1.475,0.463,-2.384,-0.567
Policy,Land use  (Intensive Uses),PMod,Far West,-0.593,0.281,-1.144,-0.042
Policy,Land use  (Intensive Uses),PMod,Far West,0.042,0.771,-1.469,1.554
Policy,Land use  (Intensive Uses),PMod,North Coast,-0.794,0.071,-0.933,-0.656
Policy,Land use  (Intensive Uses),PMod,North Coast,-0.935,0.167,-1.263,-0.607
Policy,Land use  (Intensive Uses),PMod,North Coast,-0.291,0.047,-0.384,-0.199
Policy,Land use  (Intensive Uses),PMod,Northern Tablelands,-1.468,0.373,-2.199,-0.736
Policy,Land use  (Intensive Uses),PMod,Northern Tablelands,-0.176,0.16,-0.49,0.137
Policy,Land use  (Intensive Uses),PMod,Northwest Slopes,-0.834,0.15,-1.127,-0.54
Policy,Land use  (Intensive Uses),PMod,Northwest Slopes,-0.069,0.096,-0.257,0.119
Policy,Land use  (Intensive Uses),PMod,Riverina,-1.656,0.631,-2.894,-0.419
Policy,Land use  (Intensive Uses),PMod,South Coast,-0.595,0.148,-0.884,-0.306
Policy,Land use  (Intensive Uses),PMod,South Coast,-0.35,0.063,-0.473,-0.227
Policy,Land use (Production-Dryland),NMod,Central & Southern Tablelands,-0.273,0.104,-0.478,-0.068
Policy,Land use (Production-Dryland),NMod,Central & Southern Tablelands,0.975,0.193,0.595,1.354
Policy,Land use (Production-Dryland),NMod,Central & Southern Tablelands,-0.16,0.066,-0.289,-0.032
Policy,Land use (Production-Dryland),NMod,Central Coast,-0.084,0.103,-0.286,0.119
Policy,Land use (Production-Dryland),NMod,Central Coast,0.812,0.041,0.732,0.891
Policy,Land use (Production-Dryland),NMod,Darling Riverine Plains,0.257,0.203,-0.14,0.655
Policy,Land use (Production-Dryland),NMod,Far West,-0.334,0.164,-0.656,-0.012
Policy,Land use (Production-Dryland),NMod,Far West,-5.147,0.904,-6.923,-3.377
Policy,Land use (Production-Dryland),NMod,North Coast,0.044,0.045,-0.044,0.132
Policy,Land use (Production-Dryland),NMod,North Coast,1.092,0.067,0.96,1.223
Policy,Land use (Production-Dryland),NMod,North Coast,-0.033,0.056,-0.142,0.076
Policy,Land use (Production-Dryland),NMod,Northern Tablelands,0.029,0.075,-0.118,0.176
Policy,Land use (Production-Dryland),NMod,Northern Tablelands,-0.018,0.094,-0.204,0.167
Policy,Land use (Production-Dryland),NMod,Northwest Slopes,0.073,0.07,-0.065,0.211
Policy,Land use (Production-Dryland),NMod,Northwest Slopes,-0.07,0.072,-0.21,0.071
Policy,Land use (Production-Dryland),NMod,Riverina,-0.764,0.575,-1.892,0.364
Policy,Land use (Production-Dryland),NMod,South Coast,-0.043,0.124,-0.287,0.201
Policy,Land use (Production-Dryland),NMod,South Coast,0.032,0.076,-0.117,0.181
Policy,Land use (Production-Dryland),PMod,Central & Southern Tablelands,0.236,0.121,-0.002,0.474
Policy,Land use (Production-Dryland),PMod,Central & Southern Tablelands,2.598,0.2,2.206,2.99
Policy,Land use (Production-Dryland),PMod,Central & Southern Tablelands,-0.296,0.071,-0.434,-0.158
Policy,Land use (Production-Dryland),PMod,Central Coast,-0.206,0.122,-0.445,0.034
Policy,Land use (Production-Dryland),PMod,Central Coast,0.186,0.048,0.092,0.28
Policy,Land use (Production-Dryland),PMod,Darling Riverine Plains,0.918,0.21,0.506,1.329
Policy,Land use (Production-Dryland),PMod,Far West,1.858,0.182,1.501,2.215
Policy,Land use (Production-Dryland),PMod,Far West,0.496,0.769,-1.012,2.005
Policy,Land use (Production-Dryland),PMod,North Coast,-0.121,0.054,-0.226,-0.015
Policy,Land use (Production-Dryland),PMod,North Coast,0.342,0.078,0.188,0.496
Policy,Land use (Production-Dryland),PMod,North Coast,-0.744,0.056,-0.853,-0.634
Policy,Land use (Production-Dryland),PMod,Northern Tablelands,0.36,0.096,0.173,0.548
Policy,Land use (Production-Dryland),PMod,Northern Tablelands,-0.325,0.109,-0.538,-0.112
Policy,Land use (Production-Dryland),PMod,Northwest Slopes,0.28,0.08,0.123,0.438
Policy,Land use (Production-Dryland),PMod,Northwest Slopes,-0.566,0.084,-0.731,-0.4
Policy,Land use (Production-Dryland),PMod,Riverina,0.473,0.546,-0.597,1.542
Policy,Land use (Production-Dryland),PMod,South Coast,-0.217,0.16,-0.529,0.096
Policy,Land use (Production-Dryland),PMod,South Coast,-0.636,0.095,-0.823,-0.449
Policy,Land use (Production-Irrigated),NMod,Central & Southern Tablelands,0.095,0.214,-0.324,0.515
Policy,Land use (Production-Irrigated),NMod,Central & Southern Tablelands,2.096,0.469,1.171,3.012
Policy,Land use (Production-Irrigated),NMod,Central & Southern Tablelands,-0.225,0.376,-0.963,0.513
Policy,Land use (Production-Irrigated),NMod,Central Coast,-0.118,0.329,-0.763,0.528
Policy,Land use (Production-Irrigated),NMod,Central Coast,0.279,0.178,-0.071,0.629
Policy,Land use (Production-Irrigated),NMod,Darling Riverine Plains,0.296,0.222,-0.139,0.732
Policy,Land use (Production-Irrigated),NMod,Far West,-0.004,0.176,-0.348,0.34
Policy,Land use (Production-Irrigated),NMod,Far West,-4.869,0.915,-6.666,-3.078
Policy,Land use (Production-Irrigated),NMod,North Coast,0.036,0.281,-0.515,0.587
Policy,Land use (Production-Irrigated),NMod,North Coast,0.701,0.563,-0.404,1.806
Policy,Land use (Production-Irrigated),NMod,North Coast,0.09,0.373,-0.641,0.821
Policy,Land use (Production-Irrigated),NMod,Northern Tablelands,0.294,0.425,-0.539,1.126
Policy,Land use (Production-Irrigated),NMod,Northern Tablelands,0.319,0.95,-1.544,2.181
Policy,Land use (Production-Irrigated),NMod,Northwest Slopes,-0.087,0.106,-0.294,0.12
Policy,Land use (Production-Irrigated),NMod,Northwest Slopes,0.079,0.233,-0.377,0.536
Policy,Land use (Production-Irrigated),NMod,Riverina,-0.739,0.576,-1.868,0.391
Policy,Land use (Production-Irrigated),NMod,South Coast,0.029,0.462,-0.878,0.935
Policy,Land use (Production-Irrigated),NMod,South Coast,-0.51,0.53,-1.549,0.529
Policy,Land use (Production-Irrigated),PMod,Central & Southern Tablelands,0.73,0.255,0.23,1.231
Policy,Land use (Production-Irrigated),PMod,Central & Southern Tablelands,2.967,0.431,2.121,3.813
Policy,Land use (Production-Irrigated),PMod,Central & Southern Tablelands,-0.287,0.353,-0.979,0.405
Policy,Land use (Production-Irrigated),PMod,Central Coast,-0.703,0.361,-1.411,0.005
Policy,Land use (Production-Irrigated),PMod,Central Coast,-0.95,0.16,-1.265,-0.636
Policy,Land use (Production-Irrigated),PMod,Darling Riverine Plains,0.897,0.228,0.45,1.344
Policy,Land use (Production-Irrigated),PMod,Far West,1.817,0.195,1.435,2.199
Policy,Land use (Production-Irrigated),PMod,Far West,0.415,0.784,-1.122,1.951
Policy,Land use (Production-Irrigated),PMod,North Coast,0.259,0.325,-0.379,0.897
Policy,Land use (Production-Irrigated),PMod,North Coast,0.751,0.585,-0.396,1.898
Policy,Land use (Production-Irrigated),PMod,North Coast,0.142,0.387,-0.618,0.901
Policy,Land use (Production-Irrigated),PMod,Northern Tablelands,0.131,0.475,-0.8,1.061
Policy,Land use (Production-Irrigated),PMod,Northern Tablelands,-1.041,1.014,-3.029,0.946
Policy,Land use (Production-Irrigated),PMod,Northwest Slopes,-0.052,0.118,-0.284,0.18
Policy,Land use (Production-Irrigated),PMod,Northwest Slopes,-1.031,0.249,-1.519,-0.544
Policy,Land use (Production-Irrigated),PMod,Riverina,0.601,0.547,-0.472,1.674
Policy,Land use (Production-Irrigated),PMod,South Coast,-1.276,0.556,-2.367,-0.185
Policy,Land use (Production-Irrigated),PMod,South Coast,-1.92,0.533,-2.965,-0.875
Policy,Land use (Production-Natural Env),NMod,Central & Southern Tablelands,-0.071,0.092,-0.252,0.11
Policy,Land use (Production-Natural Env),NMod,Central & Southern Tablelands,0.011,0.188,-0.358,0.379
Policy,Land use (Production-Natural Env),NMod,Central & Southern Tablelands,-0.068,0.054,-0.174,0.038
Policy,Land use (Production-Natural Env),NMod,Central Coast,0.015,0.07,-0.121,0.151
Policy,Land use (Production-Natural Env),NMod,Central Coast,0.123,0.044,0.037,0.209
Policy,Land use (Production-Natural Env),NMod,Darling Riverine Plains,0.184,0.19,-0.189,0.557
Policy,Land use (Production-Natural Env),NMod,Far West,-0.066,0.156,-0.372,0.239
Policy,Land use (Production-Natural Env),NMod,Far West,-4.849,0.897,-6.611,-3.094
Policy,Land use (Production-Natural Env),NMod,North Coast,0.106,0.031,0.045,0.167
Policy,Land use (Production-Natural Env),NMod,North Coast,-0.081,0.049,-0.177,0.014
Policy,Land use (Production-Natural Env),NMod,North Coast,0.081,0.034,0.015,0.148
Policy,Land use (Production-Natural Env),NMod,Northern Tablelands,0.055,0.058,-0.059,0.168
Policy,Land use (Production-Natural Env),NMod,Northern Tablelands,-0.103,0.065,-0.231,0.025
Policy,Land use (Production-Natural Env),NMod,Northwest Slopes,0.012,0.06,-0.106,0.129
Policy,Land use (Production-Natural Env),NMod,Northwest Slopes,0.06,0.052,-0.043,0.163
Policy,Land use (Production-Natural Env),NMod,Riverina,-0.33,0.566,-1.44,0.78
Policy,Land use (Production-Natural Env),NMod,South Coast,0.099,0.097,-0.09,0.289
Policy,Land use (Production-Natural Env),NMod,South Coast,0.022,0.044,-0.064,0.108
Policy,Land use (Production-Natural Env),PMod,Central & Southern Tablelands,0.429,0.11,0.213,0.644
Policy,Land use (Production-Natural Env),PMod,Central & Southern Tablelands,0.339,0.19,-0.033,0.711
Policy,Land use (Production-Natural Env),PMod,Central & Southern Tablelands,0.256,0.06,0.139,0.373
Policy,Land use (Production-Natural Env),PMod,Central Coast,0.351,0.084,0.186,0.516
Policy,Land use (Production-Natural Env),PMod,Central Coast,0.081,0.047,-0.011,0.172
Policy,Land use (Production-Natural Env),PMod,Darling Riverine Plains,-0.1,0.194,-0.48,0.281
Policy,Land use (Production-Natural Env),PMod,Far West,1.039,0.173,0.7,1.378
Policy,Land use (Production-Natural Env),PMod,Far West,0.507,0.765,-0.993,2.008
Policy,Land use (Production-Natural Env),PMod,North Coast,0.289,0.037,0.216,0.362
Policy,Land use (Production-Natural Env),PMod,North Coast,-0.414,0.051,-0.515,-0.313
Policy,Land use (Production-Natural Env),PMod,North Coast,-0.157,0.035,-0.226,-0.088
Policy,Land use (Production-Natural Env),PMod,Northern Tablelands,0.463,0.076,0.313,0.613
Policy,Land use (Production-Natural Env),PMod,Northern Tablelands,-0.004,0.078,-0.157,0.148
Policy,Land use (Production-Natural Env),PMod,Northwest Slopes,0.009,0.068,-0.125,0.142
Policy,Land use (Production-Natural Env),PMod,Northwest Slopes,-0.433,0.062,-0.554,-0.311
Policy,Land use (Production-Natural Env),PMod,Riverina,-0.502,0.543,-1.566,0.562
Policy,Land use (Production-Natural Env),PMod,South Coast,0.436,0.131,0.179,0.693
Policy,Land use (Production-Natural Env),PMod,South Coast,0.149,0.069,0.015,0.284
Policy,NVR regulated land,NMod,Central & Southern Tablelands,-0.011,0.06,-0.129,0.107
Policy,NVR regulated land,NMod,Central & Southern Tablelands,-0.001,0.087,-0.172,0.169
Policy,NVR regulated land,NMod,Central Coast,-0.007,0.069,-0.142,0.127
Policy,NVR regulated land,NMod,North Coast,0.06,0.038,-0.015,0.135
Policy,NVR regulated land,NMod,North Coast,0.149,0.063,0.026,0.272
Policy,NVR regulated land,NMod,Northern Tablelands,0.108,0.061,-0.012,0.227
Policy,NVR regulated land,NMod,Northern Tablelands,-0.064,0.11,-0.279,0.152
Policy,NVR regulated land,NMod,Northwest Slopes,0.022,0.074,-0.124,0.167
Policy,NVR regulated land,NMod,South Coast,-0.065,0.08,-0.223,0.092
Policy,NVR regulated land,NMod,South Coast,-0.138,0.164,-0.46,0.184
Policy,NVR regulated land,PMod,Central & Southern Tablelands,-0.545,0.066,-0.674,-0.416
Policy,NVR regulated land,PMod,Central & Southern Tablelands,-0.431,0.09,-0.607,-0.255
Policy,NVR regulated land,PMod,Central Coast,-0.231,0.085,-0.397,-0.064
Policy,NVR regulated land,PMod,North Coast,-0.42,0.044,-0.506,-0.333
Policy,NVR regulated land,PMod,North Coast,-0.675,0.066,-0.805,-0.545
Policy,NVR regulated land,PMod,Northern Tablelands,-0.817,0.074,-0.963,-0.672
Policy,NVR regulated land,PMod,Northern Tablelands,-1.048,0.119,-1.281,-0.815
Policy,NVR regulated land,PMod,Northwest Slopes,-0.609,0.074,-0.754,-0.464
Policy,NVR regulated land,PMod,South Coast,-0.752,0.096,-0.941,-0.563
Policy,NVR regulated land,PMod,South Coast,-0.875,0.18,-1.227,-0.522
Policy,Planning zone (Environment),NMod,Central & Southern Tablelands,-0.554,0.135,-0.818,-0.29
Policy,Planning zone (Environment),NMod,Central Coast,-0.675,0.072,-0.815,-0.534
Policy,Planning zone (Environment),NMod,Far West,-1.555,0.412,-2.365,-0.747
Policy,Planning zone (Environment),NMod,North Coast,-1.521,0.135,-1.785,-1.257
Policy,Planning zone (Environment),NMod,Northern Tablelands,-3.136,0.577,-4.275,-2.011
Policy,Planning zone (Environment),NMod,Northwest Slopes,-0.914,0.223,-1.352,-0.476
Policy,Planning zone (Environment),NMod,Riverina,-1.058,0.391,-1.824,-0.291
Policy,Planning zone (Environment),NMod,South Coast,-0.488,0.054,-0.594,-0.382
Policy,Planning zone (Environment),PMod,Central & Southern Tablelands,-0.584,0.124,-0.827,-0.341
Policy,Planning zone (Environment),PMod,Central Coast,-0.895,0.075,-1.043,-0.747
Policy,Planning zone (Environment),PMod,Far West,-1.984,0.459,-2.885,-1.085
Policy,Planning zone (Environment),PMod,North Coast,-1.299,0.137,-1.568,-1.031
Policy,Planning zone (Environment),PMod,Northern Tablelands,-1,0.433,-1.848,-0.151
Policy,Planning zone (Environment),PMod,Northwest Slopes,-0.657,0.276,-1.199,-0.115
Policy,Planning zone (Environment),PMod,Riverina,-0.177,0.348,-0.859,0.505
Policy,Planning zone (Environment),PMod,South Coast,-0.733,0.125,-0.978,-0.488
Policy,Planning zone (Others),NMod,Central & Southern Tablelands,-0.439,0.184,-0.8,-0.077
Policy,Planning zone (Others),NMod,Central Coast,-0.736,0.079,-0.891,-0.58
Policy,Planning zone (Others),NMod,Far West,-0.577,0.333,-1.233,0.075
Policy,Planning zone (Others),NMod,North Coast,-0.182,0.135,-0.446,0.083
Policy,Planning zone (Others),NMod,Northern Tablelands,-3.165,1.004,-5.141,-1.2
Policy,Planning zone (Others),NMod,Northwest Slopes,-0.651,0.31,-1.258,-0.043
Policy,Planning zone (Others),NMod,Riverina,-3.718,0.784,-5.256,-2.181
Policy,Planning zone (Others),NMod,South Coast,0.252,0.112,0.033,0.471
Policy,Planning zone (Others),PMod,Central & Southern Tablelands,-0.715,0.164,-1.037,-0.393
Policy,Planning zone (Others),PMod,Central Coast,-0.569,0.084,-0.734,-0.405
Policy,Planning zone (Others),PMod,Far West,-0.35,0.388,-1.111,0.409
Policy,Planning zone (Others),PMod,North Coast,0.009,0.141,-0.267,0.285
Policy,Planning zone (Others),PMod,Northern Tablelands,-1.097,0.824,-2.714,0.519
Policy,Planning zone (Others),PMod,Northwest Slopes,-0.85,0.364,-1.563,-0.136
Policy,Planning zone (Others),PMod,Riverina,-0.851,0.634,-2.094,0.393
Policy,Planning zone (Others),PMod,South Coast,0.095,0.161,-0.22,0.41
Policy,Planning zone (Residential),NMod,Central & Southern Tablelands,0.591,0.134,0.328,0.854
Policy,Planning zone (Residential),NMod,Central Coast,0.748,0.069,0.613,0.884
Policy,Planning zone (Residential),NMod,Far West,-0.382,0.298,-0.968,0.201
Policy,Planning zone (Residential),NMod,North Coast,-0.421,0.123,-0.661,-0.18
Policy,Planning zone (Residential),NMod,Northern Tablelands,-2.179,0.543,-3.251,-1.122
Policy,Planning zone (Residential),NMod,Northwest Slopes,-0.9,0.195,-1.283,-0.516
Policy,Planning zone (Residential),NMod,Riverina,-0.571,0.401,-1.359,0.213
Policy,Planning zone (Residential),NMod,South Coast,0.86,0.045,0.772,0.948
Policy,Planning zone (Residential),PMod,Central & Southern Tablelands,-0.179,0.121,-0.417,0.059
Policy,Planning zone (Residential),PMod,Central Coast,-0.223,0.075,-0.369,-0.076
Policy,Planning zone (Residential),PMod,Far West,-1.122,0.338,-1.786,-0.46
Policy,Planning zone (Residential),PMod,North Coast,-0.676,0.128,-0.927,-0.426
Policy,Planning zone (Residential),PMod,Northern Tablelands,-1.216,0.407,-2.014,-0.417
Policy,Planning zone (Residential),PMod,Northwest Slopes,-0.216,0.247,-0.701,0.268
Policy,Planning zone (Residential),PMod,Riverina,-0.425,0.321,-1.055,0.205
Policy,Planning zone (Residential),PMod,South Coast,-0.158,0.127,-0.407,0.09
Policy,Planning zone (Rural),NMod,Central & Southern Tablelands,-0.568,0.132,-0.827,-0.308
Policy,Planning zone (Rural),NMod,Central Coast,-1.001,0.074,-1.147,-0.855
Policy,Planning zone (Rural),NMod,Far West,-1.502,0.276,-2.043,-0.962
Policy,Planning zone (Rural),NMod,North Coast,-1.223,0.124,-1.466,-0.98
Policy,Planning zone (Rural),NMod,Northern Tablelands,-2.849,0.548,-3.934,-1.782
Policy,Planning zone (Rural),NMod,Northwest Slopes,-0.743,0.191,-1.118,-0.367
Policy,Planning zone (Rural),NMod,Riverina,-1.695,0.351,-2.385,-1.006
Policy,Planning zone (Rural),NMod,South Coast,-0.483,0.053,-0.588,-0.379
Policy,Planning zone (Rural),PMod,Central & Southern Tablelands,-0.367,0.122,-0.606,-0.127
Policy,Planning zone (Rural),PMod,Central Coast,-0.897,0.077,-1.049,-0.745
Policy,Planning zone (Rural),PMod,Far West,-1.293,0.324,-1.929,-0.659
Policy,Planning zone (Rural),PMod,North Coast,-0.932,0.129,-1.184,-0.679
Policy,Planning zone (Rural),PMod,Northern Tablelands,-1.281,0.407,-2.078,-0.483
Policy,Planning zone (Rural),PMod,Northwest Slopes,-0.314,0.249,-0.802,0.174
Policy,Planning zone (Rural),PMod,Riverina,-0.617,0.301,-1.208,-0.026
Policy,Planning zone (Rural),PMod,South Coast,-0.665,0.128,-0.916,-0.415
